Headline,Brief,URL,Date,Sentiment
How to buy a NVIDIA RTX 50 series GPU,"Following a two-year wait, NVIDIA’s highly-anticipated GeForce 50 series of GPUs are nearly here. Engadget has published its review of the $2,000 RTX 5090, but if you’re reading this article, chances are you already know if you want to splurge on a 50 series …",https://consent.yahoo.com/v2/collectConsent?sessionId=1_cc-session_6347cf16-67c9-481a-ba03-69f10989d883,2025-01-23T16:09:04Z,Positive
NVIDIA DLSS 4 is coming to all RTX GPUs,"NVIDIA has introduced DLSS 4, the latest version of its real-time image upscaling technology, at CES 2025. It is coming to all RTX GPUs, including the RTX 20 series that was discontinued back in 2020, but the older models aren't getting all its features. In t…",https://consent.yahoo.com/v2/collectConsent?sessionId=1_cc-session_61fe113e-8a78-4fdf-8a52-1c1f81d05b94,2025-01-07T04:48:35Z,Neutral
Nvidia announces next-gen RTX 5090 and RTX 5080 GPUs,"Nvidia is officially announcing its RTX 50-series of GPUs. Based on its Blackwell architecture, the next-gen graphics cards will be available for desktops and laptops.",https://www.theverge.com/2025/1/6/24337396/nvidia-rtx-5080-5090-5070-ti-5070-price-release-date,2025-01-07T03:07:34Z,Neutral
"NVIDIA, AMD and Intel aimed for maximum power at CES 2025","There was no question that NVIDIA's RTX 5000 GPUs would be one of the biggest stories at CES 2025, and I figured Intel and AMD to arrive with some new hardware of their own. But I didn't expect that each of these companies would, in their own way, be putting …",https://consent.yahoo.com/v2/collectConsent?sessionId=1_cc-session_5118a88f-c9fa-450a-950c-47bf93c65ed8,2025-01-10T16:00:38Z,Negative
"Watch the NVIDIA CES 2025 press conference live: Monday, 9:30PM ET","SAM YEH via Getty Images

It's hard to find a company that had a better 2024 than NVIDIA. Even after some choppiness in recent weeks, the chip giant's stock price finished last year up 178 percent, and its market cap of more than $3.3 trillion dollars — with…",https://consent.yahoo.com/v2/collectConsent?sessionId=1_cc-session_c6877908-0370-4718-b4d9-1af8900ea113,2025-01-03T17:49:47Z,Positive
"Up close with the Nvidia GeForce RTX 5090 FE, an incredibly compact flagship video card","The Nvidia GeForce RTX 5090 Founder’s Edition is just two slots wide, despite being the flagship card. Here’s what it’s like in person.",https://www.theverge.com/24339760/nvidia-geforce-rtx-5090-founders-edition-photos,2025-01-09T12:01:00Z,Positive
"CES 2025: The press conferences and new tech we're expecting to see from Samsung, NVIDIA, LG and more","We're here! The Engadget CES 2025 team has mostly arrived in Las Vegas, where we’ll be covering tech’s biggest annual conference. Our war room is open, the team has been seeing products and the coverage will ramp up in just a few short hours. Still, the show …",https://consent.yahoo.com/v2/collectConsent?sessionId=1_cc-session_d12ccc40-d297-486a-bdf6-cd9c96a15519,2025-01-06T00:56:24Z,Negative
"CES 2025: The new tech we're expecting to see from Samsung, NVIDIA, LG and more in Las Vegas","Time to get into the habit of writing ""2025"" instead of 2024, and the year may have just begun, but the Engadget team is already working hard for CES 2025. This weekend, many from the Engadget team will be flying to Las Vegas, where we’ll be covering tech’s b…",https://consent.yahoo.com/v2/collectConsent?sessionId=1_cc-session_407f1c3a-990c-4cff-9fb0-71199642f3eb,2025-01-03T20:22:37Z,Negative
The Nvidia RTX 5080 Is the GPU Gamers Should Really Want,"The Nvidia RTX 5080 cannot match up to the raw processing of a RTX 5090 and is not a huge step over the 4080 Super, but with Multi Frame Gen, it's a card you can't ignore.",https://gizmodo.com/nvidia-rtx-5080-review-2000556119,2025-01-29T14:00:51Z,Positive
"Jensen Huang Says Nvidia Is a ‘Technology Company,’ but It’s Really an AI Company","Nvidia and Jensen Huang took over CES 2025 with the RTX 50-series debut, but the hardware is a vehicle for AI ambitions.",https://gizmodo.com/jensen-huang-says-nvidia-is-a-technology-company-but-its-really-an-ai-company-2000548869,2025-01-10T21:05:32Z,Neutral
Nvidia Warns It Will Likely Run Out of RTX 5090 and 5080 Cards at Launch,"Some gamers are already camping out during one of the coldest times in the year to get their hands on a $2,000 graphics card.",https://gizmodo.com/rtx-5080-stock-shortage-2000556319,2025-01-29T14:41:18Z,Negative
"The Nvidia RTX 5090 Generates So Many Frames, It Scares Me","Nvidia's multi frame gen on the GeForce RTX 5090 graphics card can produce framerates above 300 FPS, though that doesn't mean you absolutely need a $2,000 GPU.",https://gizmodo.com/the-nvidia-rtx-5090-generates-so-many-frames-it-scares-me-2000554311,2025-01-24T15:02:54Z,Negative
Will Nvidia Spark a New Generation of Linux PCs?,"""I know, I know: 'Year of the Linux desktop ... yadda, yadda',"" writes Steven Vaughan-Nichols, a ZDNet senior contributing editor. ""You've heard it all before. But now there's a Linux-powered PC that many people will want..."" 

He's talking about Nvidia's new…",https://linux.slashdot.org/story/25/01/13/006249/will-nvidia-spark-a-new-generation-of-linux-pcs,2025-01-13T01:07:00Z,Positive
Nvidia To Deploy AI Teammates in Video Games this Year,"Nvidia has unveiled plans to introduce AI-powered autonomous characters in video games this year, starting with a virtual teammate in the battle royale game PUBG, the chip maker said at CES 2025 in Las Vegas. 

The technology, called ACE, enables in-game char…",https://tech.slashdot.org/story/25/01/07/1527237/nvidia-to-deploy-ai-teammates-in-video-games-this-year,2025-01-07T15:27:00Z,Negative
Why Nvidia (NVDA) Is Retreating Today,,https://consent.yahoo.com/v2/collectConsent?sessionId=1_cc-session_c7713259-406d-47e7-8b32-730fa64d1a2e,2025-01-13T16:15:29Z,Neutral
"Let's Be Honest, AI at CES 2025 Was All About Nvidia",Nvidia brought major announcements while everyone else was repackaging ChatGPT tech.,https://www.cnet.com/tech/services-and-software/lets-be-honest-ai-at-ces-2025-was-all-about-nvidia/,2025-01-08T00:20:45Z,Positive
"HP OmniStudio X Review: Big, Bright All-in-One Backed by Nvidia Graphics Brawn",Looking for an all-in-one PC that's bigger than the 24-inch iMac? Then check out HP's AIO with a roomy 31.5-inch display powered by an RTX 4050 GPU.,https://www.cnet.com/tech/computing/hp-omnistudio-x-review-big-bright-all-in-one-backed-by-nvidia-graphics-brawn/,2025-01-14T12:00:09Z,Positive
Nvidia tumbles and tech stocks slide premarket as China's DeepSeek spooks AI investors,DeepSeek topped the Apple AppStore chart and sparked fears the Chinese company is quickly catching up with OpenAI's ChatGPT while costing far less.,https://markets.businessinsider.com/news/stocks/nvidia-tech-stocks-deepseek-ai-race-nasdaq-2025-1,2025-01-27T10:51:59Z,Negative
Netherlands strikes deal with Nvidia for AI supercomputing hub,"The Dutch government has reached a deal with Nvidia to supply hardware and expertise for the construction of an AI facility in the Netherlands.  The facility will centre around an AI supercomputer aimed at accelerating research and development, as the country…",https://thenextweb.com/news/netherlands-strikes-deal-with-nvidia-for-ai-supercomputing-hub,2025-01-09T17:40:32Z,Negative
"Nvidia Launches RTX 50 Blackwell GPUs: From the $2,000 RTX 5090 To the $549 RTX","""Nvidia has officially introduced its highly anticipated GeForce 50 Series graphics cards, accompanied by the debut of DLSS 4 technology,"" writes Slashdot reader jjslash. ""The lineup includes four premium GPUs: the RTX 5080 and RTX 5090 are slated for release…",https://hardware.slashdot.org/story/25/01/07/2150223/nvidia-launches-rtx-50-blackwell-gpus-from-the-2000-rtx-5090-to-the-549-rtx,2025-01-07T22:40:00Z,Neutral
"Nvidia Open-Sources Run:ai, the Software It Acquired For $700 Million","Nvidia has completed its acquisition of Run:ai, a provider of GPU cloud orchestration software for AI workloads, and announced plans to open-source the platform. The deal, valued at $700 million, brings the Israel-based startup under Nvidia's umbrella after t…",https://news.slashdot.org/story/24/12/30/1420230/nvidia-open-sources-runai-the-software-it-acquired-for-700-million,2024-12-30T16:40:00Z,Positive
Nvidia CEO: Quantum Computers Won't Be Very Useful for Another 20 Years,"Nvidia CEO Jensen Huang said quantum computers won't be very useful for another 20 years, causing stocks in this emerging sector to plunge more than 40% for a total market value loss of over $8 billion. ""If you kind of said 15 years for very useful quantum co…",https://tech.slashdot.org/story/25/01/10/0023257/nvidia-ceo-quantum-computers-wont-be-very-useful-for-another-20-years,2025-01-10T00:25:00Z,Negative
"DeepSeek Has Spent Over $500 Million on Nvidia Chips Despite Low-Cost AI Claims, SemiAnalysis Says","Nvidia shares plunged 17% on Monday, wiping nearly $600 billion from its market value, after Chinese AI firm DeepSeek's breakthrough, but analysts are questioning the cost narrative. DeepSeek said to have trained its December V3 model for $5.6 million, but ch…",https://tech.slashdot.org/story/25/01/28/1315215/deepseek-has-spent-over-500-million-on-nvidia-chips-despite-low-cost-ai-claims-semianalysis-says,2025-01-28T14:00:00Z,Positive
Nvidia Snaps Back at Biden's 'Innovation-Killing' AI Chip Export Restrictions,Nvidia has hit back at the outgoing Biden administration's AI chip tech export restrictions designed to tighten America's stranglehold on supply chains and maintain market dominance. From a report: The White House today unveiled what it calls the Final Rule o…,https://news.slashdot.org/story/25/01/13/1527220/nvidia-snaps-back-at-bidens-innovation-killing-ai-chip-export-restrictions,2025-01-13T15:27:00Z,Positive
"Nvidia Dismisses China AI Threat, Says DeepSeek Still Needs Its Chips","Nvidia has responded to the market panic over Chinese AI group DeepSeek, arguing that the startup's breakthrough still requires ""significant numbers of NVIDIA GPUs"" for its operation. The US chipmaker, which saw more than $600 billion wiped from its market va…",https://slashdot.org/story/25/01/27/1935207/nvidia-dismisses-china-ai-threat-says-deepseek-still-needs-its-chips,2025-01-27T19:34:00Z,Negative
"Investors worry DeepSeek reduces AI chip demand, but there's a case for remaining bullish on Nvidia",China's DeepSeek has panicked investors in top AI stocks after it said its new model was built with less computing power than would be expected.,https://www.businessinsider.com/deepseek-compute-jevons-paradox-demand-market-ai-stocks-nvidia-chatgpt-2025-1,2025-01-28T08:00:02Z,Negative
"Nvidia scientist praises Chinese humanoid robot, stoking interest",,https://consent.yahoo.com/v2/collectConsent?sessionId=1_cc-session_baf5d5c9-7f1d-4864-91db-b8707848ea50,2025-01-13T09:30:00Z,Positive
"Fresh job market data, Nvidia falls from record highs: Catalysts",Catalysts Co-Hosts Madison Mills and Seana Smith sit down with top Wall Street and economics experts to break down the top stories of the trading day. New...,https://finance.yahoo.com/video/fresh-job-market-data-nvidia-200049418.html,2025-01-07T20:00:49Z,Positive
Nvidia releases its own brand of world models,,https://consent.yahoo.com/v2/collectConsent?sessionId=1_cc-session_d770bd95-3967-4233-ae58-7a7d14b89479,2025-01-07T03:38:00Z,Neutral
CES 2025: Huang unveils Nvidia 'Project Digits' AI supercomputer,,https://consent.yahoo.com/v2/collectConsent?sessionId=1_cc-session_ca469594-7abe-490c-825d-9ae08e617ed5,2025-01-08T02:00:00Z,Neutral
"Netherlands holds supply talks with Nvidia, AMD on AI-facility",,https://consent.yahoo.com/v2/collectConsent?sessionId=1_cc-session_8f81e1c4-e8c2-45aa-9864-df6eff5dbe67,2025-01-09T06:41:27Z,Neutral
Nvidia stock jumps 4% before CEO Jensen Huang's CES keynote,Nvidia’s (NVDA) shares climbed by close to 5% on Monday in anticipation of chief executive Jensen Huang’s keynote at the Consumer Electronics Show.,https://finance.yahoo.com/news/nvidia-stock-jumps-4-ceo-175659779.html,2025-01-06T17:56:59Z,Positive
"Nvidia bear, housing market stalemate: Asking for a Trend",,https://consent.yahoo.com/v2/collectConsent?sessionId=1_cc-session_81cba5d6-4c5f-4e70-8e8c-9577c58e52ea,2025-01-06T23:50:00Z,Neutral
Nvidia heads for record sell-off on China's DeepSeek worries,,https://consent.yahoo.com/v2/collectConsent?sessionId=1_cc-session_69a16b81-e326-4168-b09e-5aa7c64b703d,2025-01-27T14:56:11Z,Negative
"Nvidia sell-off, markets under Trump, coffee: Market Takeaways","All three of the market averages (^DJI, ^IXIC, ^GSPC) capped off Tuesday's session in positive territory, as the tech sector recovers from Monday's sell-off ...",https://finance.yahoo.com/video/nvidia-sell-off-markets-under-223046085.html,2025-01-28T22:30:46Z,Positive
Nvidia closes $700 million Run:ai acquisition after regulatory hurdles,,https://consent.yahoo.com/v2/collectConsent?sessionId=1_cc-session_edcc83e5-0874-436a-8ea2-0374bca140ee,2024-12-30T14:01:42Z,Neutral
AI: Why investors need to expand beyond Nvidia,,https://consent.yahoo.com/v2/collectConsent?sessionId=1_cc-session_54e21c08-fb28-439f-ab02-e2633229ee81,2025-01-03T21:42:29Z,Positive
Quantum computing stocks tumble after Nvidia boss Jensen Huang says the tech is still 20 years away,"Quantum stocks like Rigetti, IonQ and D-Wave Quantum saw steep losses after Nvidia CEO Jensen Huang said quantum computers are decades away.",https://markets.businessinsider.com/news/stocks/quantum-computing-stocks-jensen-huang-nvidia-ces-rigetti-2025-1,2025-01-08T16:01:29Z,Negative
Krafton and Nvidia team up to create smarter AI characters for PUBG and inZOI,Nvidia and Krafton unveiled a groundbreaking on-device AI that will enable smarter AI characters for PUBG and inZoi.,https://venturebeat.com/gaming-business/krafton-and-nvidia-team-up-to-create-smarter-ai-characters-for-pubg-and-inzoi/,2025-01-13T08:06:00Z,Positive
Inworld AI teams with Nvidia and Streamlabs on intelligent streaming assistant,Inworld AI announced it is collaborating with Nvidia and Streamlabs to create an intelligent streaming assistant using AI technology.,https://venturebeat.com/games/inworld-ai-teams-with-nvidia-and-streamlabs-on-intelligent-streaming-assistant/,2025-01-07T04:24:00Z,Positive
Nvidia unveils GeForce RTX 50 Series graphics cards with big performance gains,"Nvidia launched its much-awaited Nvidia GeForce RTX 5000 series graphics processing units (GPUs), based on the Blackwell RTX tech.",https://venturebeat.com/games/nvidia-unveils-geforce-rtx-50-series-graphics-cards/,2025-01-07T03:05:00Z,Positive
"Lambda Labs' COO has left the AI cloud provider to head Positron, a startup trying to compete with Nvidia",Mitesh Agrawal is leaving Lambda Labs to head a little known AI hardware startup trying to take on Nvidia.,https://www.businessinsider.com/lambda-labs-coo-mitesh-agrawal-positron-ceo-nvidia-ai-chips-2025-1,2025-01-27T11:11:02Z,Neutral
"★ Nvidia, the New King of Keynotes",The answer to the question of which company held the keynotes which attracted the most enthusiastic large live audiences was always Apple. And they just walked away from that.,https://daringfireball.net/2025/01/nvidia_the_new_king_of_keynotes,2025-01-11T19:00:40Z,Positive
Nvidia Just Made a Huge AI Chip Shift--And It Could Shake Up the Entire Industry,,https://consent.yahoo.com/v2/collectConsent?sessionId=1_cc-session_944b141e-83f6-4bb9-8f70-d2d4614113bf,2025-01-16T16:58:13Z,Positive
"Stock market today: Nasdaq clobbered, S&P 500 tumbles as AI fears rock Nvidia, tech stocks",,https://consent.yahoo.com/v2/collectConsent?sessionId=1_cc-session_931ac396-98b9-4143-bd0f-7cd8ac21cf7d,2025-01-27T14:31:16Z,Negative
"Dow Jones Futures: Stock Market Sells Off As Nvidia, Palantir Tumble; What To Do Now",The stock market sold off Tuesday as yields rose and growth stocks fell sharply.,https://www.investors.com/market-trend/stock-market-today/dow-jones-futures-market-sells-off-nvidia-palantir-tumble/,2025-01-08T00:50:19Z,Positive
Nvidia and Microsoft: Top Tech Picks as Wedbush Predicts 25% Rally in 2025,,https://consent.yahoo.com/v2/collectConsent?sessionId=1_cc-session_b7684c73-3da4-4149-a933-f7a6077833be,2024-12-31T13:21:13Z,Positive
Nvidia Tops Semiconductor Rankings as Fund Managers Bet Big on AI-Led Growth,Nvidia tops U.S. fund manager holdings as AI and high-performance computing drive long-term semiconductor confidence,https://finance.yahoo.com/news/nvidia-tops-semiconductor-rankings-fund-192926636.html,2025-01-03T19:29:26Z,Positive
Quantum computing stocks take a hit as Nvidia CEO predicts long road ahead,,https://consent.yahoo.com/v2/collectConsent?sessionId=1_cc-session_05989ba7-3a61-4dee-adda-d9efd6803aa9,2025-01-08T12:56:13Z,Neutral
"If You Invested $10,000 In NVIDIA Stock 10 Years Ago, How Much Would You Have Now?",,https://consent.yahoo.com/v2/collectConsent?sessionId=1_cc-session_3876d900-b64c-45e2-b273-de2861f4af18,2025-01-19T00:30:14Z,Neutral
Nvidia loses more than $500 billion in market value after Chinese AI startup bursts onto scene,,https://consent.yahoo.com/v2/collectConsent?sessionId=1_cc-session_16c79d5c-1771-4899-8d82-18a6ea7cbba7,2025-01-27T19:31:21Z,Neutral
Nvidia CEO set to take stage at CES just after shares hit record high,,https://consent.yahoo.com/v2/collectConsent?sessionId=1_cc-session_c71387c6-c2a4-48d5-b671-240e06f3efb4,2025-01-07T00:26:16Z,Positive
"Nvidia Surges Over 5% This Week, Analysts Predict $10 Trillion Market Cap",,https://consent.yahoo.com/v2/collectConsent?sessionId=1_cc-session_1f0308d7-9698-44d2-b3ce-cafc1fa333ed,2025-01-20T10:57:21Z,Neutral
"After Nvidia CEO's quantum computing forecast, strategist says 'good luck' to investors",,https://consent.yahoo.com/v2/collectConsent?sessionId=1_cc-session_737188d2-d53e-4bd7-b87f-24a04a8200ee,2025-01-08T21:07:00Z,Positive
Nvidia-Ingest: Multi-modal data extraction,"NVIDIA Ingest is an early access set of microservices for parsing hundreds of thousands of complex, messy unstructured PDFs and other enterprise documents into metadata and text to embed into retri...",https://github.com/NVIDIA/nv-ingest,2025-01-10T09:17:47Z,Negative
Forget Nvidia: Ndea wants to build AI that keeps improving on its own with ‘no bottlenecks in sight’,"Unlike traditional deep learning, which interpolates between data points, program synthesis searches for discrete programs that explain data.",https://venturebeat.com/ai/forget-nvidia-ndea-wants-to-build-ai-that-keeps-improving-on-its-own-with-no-bottlenecks-in-sight/,2025-01-15T21:34:10Z,Positive
"Nvidia open-sources Run:ai, the software it acquired for $700M to help companies manage GPUs for AI","Join our daily and weekly newsletters for the latest updates and exclusive content on industry-leading AI coverage. Learn More Nvidia has completed its acquisition of Run:ai, a software company that makes it easier for customers to orchestrate GPU clouds for …",https://venturebeat.com/ai/nvidia-acquires-software-maker-runai-to-orchestrate-gpu-clouds-for-ai/,2024-12-30T14:00:00Z,Positive
"Nvidia announces GeForce RTX 50-series graphics cards, starting at $549","After months of rumors, Nvidia debuted its latest generation of desktop and laptop graphics cards at CES 2025. The RTX 50-series is the fastest lineup of GPUs Nvidia has developed. Starting with its RTX 5070, Nvidia claims it delivers the equivalent performan…",https://www.polygon.com/news/503416/nvidia-geforce-rtx-50-5090-5080-5070-series-graphics-cards-gpu-price-release-date,2025-01-07T03:23:18Z,Neutral
"Nvidia promises RTX 4090 performance in a $1,300 laptop","Nvidia has just unveiled its next-gen RTX 50-series GPUs, and the laptop models sound like a great deal.",https://www.digitaltrends.com/computing/nvidia-rtx-50-gaming-laptops-start-at-1299/,2025-01-07T03:16:57Z,Positive
Nvidia may soon bid farewell to its most popular GPU,"As the RTX 50-series is right around the corner, it's almost time to bid farewell to some of Nvidia's most popular GPUs.",https://www.digitaltrends.com/computing/nvidia-gpus-reaching-end-of-life/,2025-01-16T13:58:36Z,Positive
The impact of competition and DeepSeek on Nvidia,Automatically generate polished and beautiful documents from your YouTube videos!,https://youtubetranscriptoptimizer.com/blog/05_the_short_case_for_nvda,2025-01-25T15:30:25Z,Positive
Nvidia sheds $600 billion in market cap as Chinese AI startup DeepSeek spurs brutal rout of tech stocks,The shocking success of a new model from a mysterious Chinese lab has America questioning its leadership of the sector.,https://finance.yahoo.com/news/nvidia-drops-15-chinese-ai-163527879.html,2025-01-27T16:35:27Z,Negative
Nvidia CEO Teases CPU Ambitions for PCs,,https://consent.yahoo.com/v2/collectConsent?sessionId=1_cc-session_0aa7f0d7-212a-4f49-b94d-81df0bbcc138,2025-01-08T15:40:17Z,Negative
Why NVIDIA (NASDAQ:NVDA) Skyrocketed on Friday,,https://consent.yahoo.com/v2/collectConsent?sessionId=1_cc-session_cfced7b6-8459-4872-ab0c-cd872f988216,2025-01-04T13:27:12Z,Neutral
Nvidia CEO says not attending Trump's inauguration,,https://consent.yahoo.com/v2/collectConsent?sessionId=1_cc-session_a68a6ba2-87eb-476f-8b63-9c49c8954284,2025-01-17T11:36:09Z,Neutral
"Nvidia, Microsoft shares tumble amid rise of China-based AI DeepSeek",DeepSeek chatbot tops Apple's app-store charts.,https://abcnews.go.com/Business/nvidia-microsoft-shares-tumble-china-based-ai-app/story?id=118136157,2025-01-27T15:43:45Z,Positive
"9to5Neural: DeepSeek explained, deep NVIDIA losses, AI privacy claim debunked",Welcome to 9to5Neural. AI moves fast. We help you keep up. Last week we mentioned that American AI firms are seeing deep competition from DeepSeek R1 out of China. Today DeepSeek’s impact has reached Wall Street as NVIDIA stock drops 17%. Let’s take a closer …,https://9to5mac.com/2025/01/27/9to5neural-deepseek-explained-deep-nvda-losses-ai-privacy-claim-debunked/,2025-01-28T02:04:40Z,Positive
Nvidia stock extends losses: What do the technicals signal?,,https://consent.yahoo.com/v2/collectConsent?sessionId=1_cc-session_a9c9c6bb-64d8-4f9a-aa3c-f3381793063f,2025-01-08T17:47:16Z,Negative
"Final Fantasy 7 Rebirth on PC Supports 4K Resolution, 120FPS, Nvidia DLSS, and More","Square Enix has shared the list of features available in the PC version of Final Fantasy 7 Rebirth, which includes up to 4K resolution and 120 frames per second alongside Nvidia DLSS support.",https://www.ign.com/articles/final-fantasy-7-rebirth-on-pc-supports-4k-resolution-120fps-nvidia-dlss-and-more,2025-01-09T16:00:02Z,Positive
Nvidia Unveils the RTX 50-Series GPUs Led By the Ginormous RTX 5090,"Nvidia finally pulls the lid off the RTX 5070, 5080, and the 5090—one of the most powerful consumer GPUs yet.",https://gizmodo.com/nvidia-unveils-the-rtx-50-series-gpus-led-by-the-ginormous-rtx-5090-2000545990,2025-01-07T03:34:34Z,Positive
"What to expect from Nvidia, AMD, and Intel at CES 2025","Here are the potential big announcements to keep an eye on from Nvidia, AMD, Intel, and other computing brands at CES 2025.",https://www.digitaltrends.com/computing/ces-2025-what-to-expect-from-amd-nvidia-intel/,2025-01-03T18:51:12Z,Neutral
The Nvidia RTX 5090 Could Cost a Lot More Than Most Gaming PCs,Rumors suggest the GeForce RTX 5090 could see prices swell by more than 40%. The RTX 5080 may also see a bump in price.,https://gizmodo.com/the-nvidia-rtx-5090-could-cost-a-lot-more-than-most-gaming-pcs-2000544221,2024-12-30T18:40:03Z,Neutral
The Nvidia RTX 5090 Is a Thick Slab of Graphics Processing Promise,"Nvidia’s RTX 5090 Founders Edition is a two-fan GPU that’s seriously hefty, though somehow smaller and more menacing than the RTX 4090.",https://gizmodo.com/the-nvidia-rtx-5090-is-a-thick-slab-of-graphics-processing-promise-2000552978,2025-01-21T21:46:08Z,Positive
These Nvidia AI NPCs Are Just as Obnoxious as Real Players,"Nvidia and Krafton's PUBG Ally is a bad friend and worse co-op buddy, but I prefer it to AI which doesn't know the difference between orange and purple.",https://gizmodo.com/these-nvidia-ai-npcs-are-just-as-obnoxious-as-real-players-2000550516,2025-01-15T15:53:32Z,Negative
AMD is conceding to Nvidia with the RX 9070 XT and FSR 4,"AMD is giving up the flagship battle with Nvidia, but there's still plenty to get excited about with the new RX 9070 XT.",https://www.digitaltrends.com/computing/amd-rx-9070-gpus-ces-2025/,2025-01-06T19:45:45Z,Positive
"The best PC gaming feature of 2024 didn’t come from Nvidia, AMD, or Intel","Even with a ton of new PC hardware launching, a simple, $7 Steam app was my favorite tech I used in 2024.",https://www.digitaltrends.com/computing/lossless-scaling-favorite-tech-2024/,2024-12-30T20:35:30Z,Positive
"Nvidia GeForce Now is coming to Steam Deck, Apple Vision Pro, and more",Nvidia GeForce Now is about to get a dedicated app on Steam Deck and start supporting streaming via browser on several virtual and mixed reality headsets.,https://www.digitaltrends.com/gaming/nvidia-geforce-now-steam-deck-app-ces-2025/,2025-01-07T21:07:41Z,Positive
New pricing leak shows AMD may have been right to wait for Nvidia,"According to a new leak, the price of AMD's RX 9070 XT could put some heat on Nvidia.",https://www.digitaltrends.com/computing/amd-rx-9070-xt-pricing-leak/,2025-01-09T13:17:09Z,Negative
Nvidia might do for desktop AI what it did for desktop gaming,"At CES this year, the company's usual host of announcements included a home AI 'supercomputer' that could unlock 'on prem' super intelligence for everyone",https://www.theangle.com/p/nvidia-might-do-for-desktop-ai-what,2025-01-13T19:19:42Z,Positive
"Schrödinger: The Nvidia biotech partner Jensen Huang told to ""think bigger""",Is it a turning point?,https://hntrbrk.com/schrodinger/,2025-01-25T20:22:53Z,Neutral
Vision Pro is getting NVIDIA GeForce NOW gaming service later this month,"Vision Pro has a lot of potential as a gaming device, but that potential has mostly been untapped so far. Today, an NVIDIA announcement is one of the first signs of change on the way.



 more…",https://9to5mac.com/2025/01/07/vision-pro-is-getting-nvidia-geforce-now-gaming-service-later-this-month/,2025-01-07T15:27:59Z,Positive
"Forget NVIDIA, the Lenovo Legion Go S had our shine at CES | Android Police Podcast","The Android Police podcast takes a stroll back to CES 2025 and all of the gaming gear that caught our attention, including the Lenovo Legion Go S.",https://www.androidpolice.com/video/forget-nvidia-the-lenovo-legion-go-s-had-our-shine-at-ces-android-police-podcast/,2025-01-17T21:30:10Z,Negative
Nvidia GeForce RTX 5080 review: the new 4K graphics card to go for,"Has any genus of graphics card been as dramatically storied as the GeForce XX80s? The RTX 3080 was a thing of beauty, only to be tarnished by the worst wheeler-dealing spree (and crypto mining misappropriation) in PC component history. Then the RTX 4080 rocke…",https://www.rockpapershotgun.com/nvidia-geforce-rtx-5080-review,2025-01-29T14:00:07Z,Negative
"Nvidia isn't in this portfolio manager's top picks, but cash is",,https://consent.yahoo.com/v2/collectConsent?sessionId=1_cc-session_d184aa37-388a-49cb-903f-6fedddffcf2c,2025-01-10T17:29:45Z,Positive
Micron (MU) Stock Jumps for Second Day After Nvidia (NVDA) Mention,Micron Technologies (MU) is climbing for a second straight day after Nvidia (NVDA) noted that it was using MU’s chips in its new products. After advancing...,https://finance.yahoo.com/news/micron-mu-stock-jumps-second-150841759.html,2025-01-07T15:08:41Z,Positive
"NVIDIA GeForce RTX 5000: Details, launch date rumors as CES 2025 looms",,https://consent.yahoo.com/v2/collectConsent?sessionId=1_cc-session_b4f0511f-de3f-41a8-b0b7-139a9438d28e,2025-01-02T17:53:04Z,Negative
Nvidia stock tumbles more than 4% after hitting an all-time high,,https://consent.yahoo.com/v2/collectConsent?sessionId=1_cc-session_fbe89cfa-e935-4744-b211-56a0510fb77d,2025-01-07T17:53:12Z,Neutral
Analysts halve Nvidia Blackwell cabinet shipment forecasts for 2025 — prediction contrasts AI boom,,https://consent.yahoo.com/v2/collectConsent?sessionId=1_cc-session_4d9aeb02-246d-4355-932f-36f6a3f15819,2025-01-17T19:36:06Z,Neutral
Quantum Stock Crash: Nvidia CEO's 30-Year Prediction Sparks Mass Selloff in the Sector,,https://consent.yahoo.com/v2/collectConsent?sessionId=1_cc-session_fb19a54e-83c5-4626-aaf3-b5b487342f69,2025-01-08T14:58:48Z,Negative
Prediction: This Will Be Wall Street's First $5 Trillion Company -- and It's Not Nvidia,,https://consent.yahoo.com/v2/collectConsent?sessionId=1_cc-session_511df51b-b88d-4223-9d53-dd4ff378c4e6,2025-01-14T09:51:00Z,Neutral
Nvidia Sounds Alarm: Biden's AI Chip Ban Risks U.S. Tech Leadership,"Nvidia criticizes new export limits, highlighting risks to U.S. leadership and global AI advancements",https://finance.yahoo.com/news/nvidia-sounds-alarm-bidens-ai-124215985.html,2025-01-13T12:42:15Z,Negative
Investors bet on Nvidia share recovery with buying of leveraged ETFs,,https://consent.yahoo.com/v2/collectConsent?sessionId=1_cc-session_ebaad0d3-e6e8-4895-bcd7-9bd1cb98596f,2025-01-28T23:46:29Z,Positive
A Once-in-a-Decade Investment Opportunity: 1 Artificial Intelligence (AI) Semiconductor Stock to Buy Hand Over Fist and Hold for the Next 10 Years (Hint: It's Not Nvidia),,https://consent.yahoo.com/v2/collectConsent?sessionId=1_cc-session_112c1ff6-0bad-44e2-8572-0bcdbae68c24,2025-01-14T11:45:00Z,Positive
DeepSeek's ultra-cost-effective AI plummets NVIDIA stock prices — wiping out $500 billion in market valuation,"NVIDIA has lost $500 billion in market value so far today. That figure could rise even higher and set records for lost value in a single day. The drop follows DeepSeek's launch of the R1 model, which has shaken the AI industry.",https://www.windowscentral.com/microsoft/deepseeks-ultra-cost-effective-ai-plummets-nvidia-stock-prices-wiping-out-usd500-billion-in-market-valuation,2025-01-27T18:50:56Z,Negative
NVIDIA Keynote at CES 2025 — CEO Jensen Huang unveiled RTX 5000 GPUs LIVE,Everything that happened LIVE at CES 2025 for the NVIDIA CEO Keynote in Las Vegas.,https://www.windowscentral.com/news/nvidia-ces-2025-keynote,2025-01-06T21:00:00Z,Neutral
LIVE: NVIDIA Keynote at CES 2025 — Is CEO Jensen Huang about to unveil RTX 5000 GPUs?,Everything that's happening at the Consumer Electronics Show for the NVIDIA CEO Keynote in Las Vegas.,https://www.windowscentral.com/live/news/nvidia-ces-2025-keynote,2025-01-06T21:01:56Z,Neutral
NVIDIA unveils RTX 5080 and RTX 5090 GPUs — here's what they cost,"NVIDIA unveiled its Blackwell family GPUs, with both the RTX 5080 and RTX 5090 going on sale January 30.",https://www.windowscentral.com/hardware/nvidia-unveils-rtx-5080-and-rtx-5090,2025-01-07T03:46:06Z,Neutral
NVIDIA fully embraces the Steam Deck with a native GeForce Now app promised for 2025,"You were never blocked from using GeForce Now on the Steam Deck, but with NVIDIA getting behind it now, the experience should be better than ever.",https://www.windowscentral.com/gaming/nvidia-fully-embraces-the-steam-deck-with-a-native-geforce-now-app-promised-for-2025,2025-01-07T13:47:53Z,Positive
